project_id,category,estimated_hours,actual_hours,variance_ratio
1,frontend,9.4,8.5,0.9
1,frontend,25.3,37.8,1.49
1,frontend,19.5,16.4,0.84
1,frontend,30.5,44.5,1.46
1,frontend,23.0,27.6,1.2
1,frontend,18.2,31.9,1.75
1,frontend,15.3,7.6,0.5
1,frontend,32.2,25.9,0.81
1,frontend,23.8,38.6,1.63
1,frontend,32.5,40.9,1.26
1,frontend,21.3,31.7,1.48
1,frontend,31.1,28.7,0.92
1,frontend,17.9,27.7,1.55
1,frontend,20.3,29.2,1.43
1,frontend,15.1,16.6,1.1
1,backend,34.3,51.4,1.5
1,backend,27.7,17.0,0.61
1,backend,31.7,18.5,0.58
1,backend,33.7,34.6,1.03
1,backend,31.0,26.5,0.86
1,backend,24.0,30.3,1.26
1,backend,27.7,40.9,1.48
1,backend,32.7,39.1,1.2
1,backend,17.2,15.9,0.92
1,backend,27.5,31.5,1.14
1,backend,10.9,10.2,0.93
1,backend,16.1,13.6,0.85
1,database,31.6,31.9,1.01
1,database,13.9,11.7,0.84
1,database,30.1,35.2,1.17
1,database,27.3,23.2,0.85
1,database,18.5,29.7,1.6
1,database,32.6,61.4,1.88
1,testing,13.3,12.0,0.9
1,testing,21.6,23.4,1.08
1,testing,23.0,22.6,0.98
1,testing,14.9,11.7,0.79
1,testing,15.8,24.1,1.52
1,testing,34.0,37.9,1.12
1,testing,34.1,20.1,0.59
1,testing,17.9,26.3,1.47
1,deployment,21.1,10.6,0.5
1,deployment,26.7,31.8,1.19
1,deployment,13.3,16.5,1.24
1,deployment,30.2,42.9,1.42
2,frontend,21.1,17.8,0.85
2,frontend,13.7,21.3,1.55
2,frontend,9.5,15.7,1.65
2,frontend,12.9,11.5,0.89
2,frontend,29.9,40.1,1.34
2,frontend,23.2,35.9,1.55
2,frontend,26.6,24.8,0.93
2,frontend,8.8,9.7,1.1
2,frontend,10.0,12.2,1.22
2,frontend,16.7,31.4,1.88
2,frontend,26.3,29.5,1.12
2,frontend,9.2,10.9,1.18
2,frontend,22.6,30.5,1.35
2,frontend,20.8,23.7,1.14
2,frontend,15.0,15.2,1.02
2,backend,28.0,45.9,1.64
2,backend,27.6,37.5,1.36
2,backend,33.2,45.5,1.37
2,backend,12.0,15.5,1.29
2,backend,21.1,20.0,0.95
2,backend,19.0,14.8,0.78
2,backend,11.3,16.5,1.47
2,backend,22.3,16.0,0.72
2,backend,8.7,9.7,1.11
2,backend,30.5,30.3,1.0
2,backend,32.3,30.6,0.95
2,backend,18.7,13.2,0.71
2,database,16.7,20.1,1.2
2,database,25.1,35.8,1.43
2,database,16.7,28.4,1.7
2,database,29.6,21.8,0.73
2,database,9.0,7.7,0.85
2,database,12.1,11.9,0.98
2,testing,27.6,31.4,1.14
2,testing,18.6,32.5,1.75
2,testing,27.9,38.5,1.38
2,testing,24.4,19.7,0.8
2,testing,25.7,31.9,1.24
2,testing,27.6,33.3,1.21
2,testing,11.8,11.3,0.96
2,testing,23.7,30.2,1.27
2,deployment,10.1,5.0,0.5
2,deployment,24.0,41.2,1.71
2,deployment,31.5,34.8,1.11
2,deployment,31.1,37.7,1.21
3,frontend,25.9,24.7,0.96
3,frontend,23.0,23.1,1.01
3,frontend,29.0,17.4,0.6
3,frontend,34.0,39.3,1.15
3,frontend,32.3,56.8,1.76
3,frontend,25.8,26.2,1.02
3,frontend,16.8,30.3,1.8
3,frontend,25.4,23.2,0.91
3,frontend,8.3,10.2,1.24
3,frontend,16.7,14.8,0.89
3,frontend,9.3,10.5,1.12
3,frontend,14.6,20.1,1.37
3,frontend,21.8,42.8,1.97
3,frontend,30.8,20.6,0.67
3,frontend,21.2,20.5,0.97
3,backend,12.8,13.2,1.03
3,backend,16.5,23.3,1.41
3,backend,11.6,11.3,0.98
3,backend,34.0,35.3,1.04
3,backend,20.7,21.1,1.02
3,backend,25.6,41.5,1.62
3,backend,15.1,15.5,1.02
3,backend,26.8,31.0,1.16
3,backend,34.2,73.6,2.15
3,backend,23.3,39.4,1.69
3,backend,27.7,35.0,1.26
3,backend,24.8,41.3,1.67
3,database,12.8,9.7,0.75
3,database,33.9,18.5,0.55
3,database,25.4,12.7,0.5
3,database,29.8,22.4,0.75
3,database,14.1,27.6,1.96
3,database,30.0,30.2,1.01
3,testing,24.0,27.1,1.13
3,testing,27.4,25.4,0.93
3,testing,33.4,68.5,2.05
3,testing,9.9,9.9,1.0
3,testing,22.2,30.2,1.36
3,testing,8.0,9.7,1.21
3,testing,23.6,36.6,1.55
3,testing,11.8,18.6,1.58
3,deployment,28.8,30.1,1.05
3,deployment,26.7,37.5,1.4
3,deployment,15.8,15.9,1.01
3,deployment,19.2,35.3,1.84
4,frontend,29.1,24.3,0.84
4,frontend,20.2,35.7,1.76
4,frontend,17.2,18.4,1.07
4,frontend,31.1,21.6,0.69
4,frontend,10.7,13.0,1.22
4,frontend,30.2,31.8,1.05
4,frontend,15.8,15.0,0.95
4,frontend,10.7,9.7,0.91
4,frontend,13.0,18.9,1.45
4,frontend,8.1,10.3,1.28
4,frontend,21.1,28.1,1.33
4,frontend,18.7,30.6,1.64
4,frontend,15.9,17.5,1.1
4,frontend,11.9,21.5,1.81
4,frontend,25.3,26.3,1.04
4,backend,25.3,41.4,1.64
4,backend,13.6,23.2,1.7
4,backend,12.0,7.9,0.66
4,backend,32.4,28.1,0.87
4,backend,30.2,34.8,1.15
4,backend,16.7,31.7,1.9
4,backend,9.6,14.3,1.49
4,backend,24.1,14.9,0.62
4,backend,24.9,19.3,0.78
4,backend,29.2,36.1,1.24
4,backend,11.4,13.7,1.2
4,backend,12.0,10.5,0.87
4,database,21.8,27.5,1.26
4,database,9.5,17.1,1.8
4,database,16.5,12.0,0.73
4,database,21.6,21.3,0.98
4,database,31.9,21.5,0.67
4,database,15.4,20.3,1.32
4,testing,29.0,17.4,0.6
4,testing,20.8,31.5,1.52
4,testing,10.2,11.0,1.08
4,testing,34.8,39.9,1.15
4,testing,18.7,26.2,1.4
4,testing,30.1,40.7,1.35
4,testing,30.4,50.2,1.65
4,testing,26.9,37.5,1.39
4,deployment,17.1,24.2,1.42
4,deployment,31.5,19.2,0.61
4,deployment,23.1,17.3,0.75
4,deployment,23.7,25.8,1.09
5,frontend,11.7,10.6,0.91
5,frontend,25.7,39.3,1.53
5,frontend,29.8,42.1,1.41
5,frontend,20.7,32.9,1.59
5,frontend,18.6,26.6,1.43
5,frontend,13.4,18.9,1.41
5,frontend,21.2,27.9,1.32
5,frontend,15.6,10.0,0.64
5,frontend,25.4,21.4,0.84
5,frontend,12.6,14.7,1.17
5,frontend,15.7,26.0,1.66
5,frontend,17.6,25.8,1.46
5,frontend,30.2,47.2,1.56
5,frontend,20.9,28.8,1.38
5,frontend,32.1,20.8,0.65
5,backend,16.8,13.8,0.82
5,backend,14.0,8.9,0.64
5,backend,11.3,15.6,1.38
5,backend,23.2,32.7,1.41
5,backend,31.6,40.0,1.26
5,backend,13.0,17.6,1.35
5,backend,25.0,24.1,0.96
5,backend,19.3,37.4,1.94
5,backend,15.7,21.4,1.36
5,backend,22.8,37.5,1.64
5,backend,15.4,13.5,0.88
5,backend,29.2,24.4,0.84
5,database,21.0,19.1,0.91
5,database,25.4,44.4,1.75
5,database,29.8,47.1,1.58
5,database,11.3,16.5,1.46
5,database,12.3,7.7,0.63
5,database,14.7,28.2,1.92
5,testing,23.2,43.0,1.85
5,testing,16.5,21.1,1.28
5,testing,20.6,20.0,0.97
5,testing,11.1,11.5,1.04
5,testing,9.7,9.1,0.93
5,testing,8.6,6.1,0.71
5,testing,24.1,39.1,1.62
5,testing,25.8,40.5,1.57
5,deployment,16.6,20.4,1.23
5,deployment,22.6,22.6,1.0
5,deployment,19.8,14.8,0.75
5,deployment,26.8,25.3,0.94
6,frontend,19.4,23.6,1.21
6,frontend,16.5,19.6,1.19
6,frontend,11.4,17.5,1.54
6,frontend,28.1,46.3,1.65
6,frontend,18.9,22.3,1.18
6,frontend,30.6,17.3,0.57
6,frontend,8.9,10.0,1.13
6,frontend,30.2,37.4,1.24
6,frontend,28.3,57.0,2.01
6,frontend,19.5,22.2,1.14
6,frontend,31.7,48.2,1.52
6,frontend,20.6,10.3,0.5
6,frontend,31.7,28.6,0.9
6,frontend,20.1,23.9,1.19
6,frontend,30.5,48.1,1.58
6,backend,9.1,9.2,1.01
6,backend,26.4,47.1,1.78
6,backend,15.8,18.3,1.16
6,backend,28.1,58.8,2.09
6,backend,19.6,28.9,1.48
6,backend,17.6,16.7,0.95
6,backend,17.1,21.5,1.26
6,backend,18.5,30.0,1.62
6,backend,18.3,19.3,1.06
6,backend,11.6,20.7,1.78
6,backend,9.3,8.3,0.9
6,backend,30.7,30.0,0.98
6,database,21.9,33.7,1.54
6,database,27.2,26.7,0.98
6,database,24.1,42.2,1.75
6,database,23.2,56.7,2.45
6,database,8.9,10.8,1.22
6,database,10.1,12.4,1.23
6,testing,14.0,17.1,1.22
6,testing,34.2,50.2,1.47
6,testing,34.5,46.7,1.35
6,testing,11.8,17.1,1.45
6,testing,18.1,16.2,0.9
6,testing,21.6,26.4,1.22
6,testing,11.3,14.1,1.25
6,testing,32.7,39.9,1.22
6,deployment,18.9,12.0,0.64
6,deployment,11.4,19.1,1.68
6,deployment,27.9,35.1,1.26
6,deployment,19.8,38.6,1.95
7,frontend,27.9,31.1,1.12
7,frontend,31.2,54.3,1.74
7,frontend,12.3,16.8,1.36
7,frontend,32.4,33.0,1.02
7,frontend,8.8,13.3,1.51
7,frontend,25.8,32.8,1.27
7,frontend,13.5,11.2,0.83
7,frontend,12.5,27.9,2.24
7,frontend,21.1,26.6,1.26
7,frontend,16.6,20.0,1.21
7,frontend,22.3,26.3,1.18
7,frontend,14.4,19.7,1.37
7,frontend,30.2,35.3,1.17
7,frontend,17.7,23.9,1.34
7,frontend,32.7,50.6,1.55
7,backend,16.1,24.9,1.55
7,backend,22.2,32.4,1.46
7,backend,22.5,24.6,1.09
7,backend,30.8,47.9,1.56
7,backend,8.1,11.0,1.35
7,backend,13.7,25.6,1.87
7,backend,24.3,25.7,1.06
7,backend,33.1,41.3,1.25
7,backend,8.1,14.2,1.76
7,backend,14.6,15.7,1.07
7,backend,11.7,20.9,1.79
7,backend,19.3,36.8,1.9
7,database,9.0,9.4,1.05
7,database,9.5,11.1,1.16
7,database,16.6,8.9,0.53
7,database,19.5,23.3,1.19
7,database,23.9,27.6,1.16
7,database,10.3,15.5,1.51
7,testing,31.9,62.3,1.95
7,testing,9.2,7.3,0.79
7,testing,27.9,26.5,0.95
7,testing,24.7,23.4,0.95
7,testing,9.9,16.7,1.69
7,testing,13.4,12.4,0.93
7,testing,16.6,16.1,0.97
7,testing,16.8,32.8,1.95
7,deployment,28.6,35.5,1.24
7,deployment,8.4,10.7,1.27
7,deployment,20.2,35.3,1.75
7,deployment,34.5,48.1,1.39
8,frontend,30.8,49.3,1.6
8,frontend,18.6,26.4,1.42
8,frontend,15.4,14.8,0.96
8,frontend,10.4,10.5,1.01
8,frontend,30.3,32.0,1.06
8,frontend,28.1,17.5,0.62
8,frontend,23.2,17.3,0.74
8,frontend,22.8,28.8,1.26
8,frontend,21.0,34.7,1.66
8,frontend,13.5,18.7,1.38
8,frontend,16.7,30.8,1.84
8,frontend,31.4,54.2,1.73
8,frontend,23.1,28.9,1.25
8,frontend,26.5,28.7,1.08
8,frontend,26.1,26.0,1.0
8,backend,13.8,19.8,1.43
8,backend,34.1,20.7,0.61
8,backend,12.9,16.5,1.28
8,backend,17.6,26.0,1.48
8,backend,25.6,27.3,1.07
8,backend,22.7,21.4,0.94
8,backend,21.1,17.8,0.84
8,backend,33.4,40.7,1.22
8,backend,27.8,53.6,1.93
8,backend,33.2,39.5,1.19
8,backend,18.8,28.2,1.5
8,backend,25.3,42.5,1.68
8,database,8.5,9.9,1.16
8,database,15.1,21.5,1.42
8,database,24.3,15.7,0.64
8,database,16.1,19.4,1.21
8,database,16.5,22.8,1.38
8,database,10.2,9.2,0.9
8,testing,34.7,55.2,1.59
8,testing,23.4,43.5,1.86
8,testing,31.7,26.4,0.83
8,testing,30.8,41.6,1.35
8,testing,13.2,14.3,1.08
8,testing,11.3,20.2,1.79
8,testing,14.6,18.1,1.24
8,testing,16.0,19.4,1.21
8,deployment,17.4,26.2,1.51
8,deployment,30.0,31.5,1.05
8,deployment,12.4,24.5,1.98
8,deployment,10.5,10.6,1.0
9,frontend,27.3,29.3,1.07
9,frontend,26.5,26.1,0.98
9,frontend,13.9,15.9,1.14
9,frontend,28.3,29.1,1.03
9,frontend,26.4,43.0,1.63
9,frontend,9.3,19.5,2.08
9,frontend,13.1,12.1,0.93
9,frontend,14.1,19.6,1.39
9,frontend,33.0,53.9,1.63
9,frontend,10.3,10.9,1.06
9,frontend,14.3,8.3,0.58
9,frontend,18.0,26.9,1.49
9,frontend,28.2,38.9,1.38
9,frontend,34.4,34.9,1.01
9,frontend,14.8,21.6,1.46
9,backend,29.8,36.9,1.24
9,backend,22.3,26.2,1.18
9,backend,19.9,15.6,0.78
9,backend,29.4,40.2,1.37
9,backend,16.7,22.0,1.32
9,backend,32.8,49.3,1.5
9,backend,27.7,47.3,1.71
9,backend,16.0,22.1,1.38
9,backend,31.7,41.4,1.31
9,backend,22.9,26.8,1.17
9,backend,28.4,48.8,1.72
9,backend,18.8,19.1,1.02
9,database,21.7,28.9,1.33
9,database,11.7,11.7,1.0
9,database,21.9,22.5,1.03
9,database,31.4,49.6,1.58
9,database,22.0,30.9,1.41
9,database,32.8,36.4,1.11
9,testing,8.2,14.3,1.75
9,testing,11.5,22.0,1.92
9,testing,34.9,17.4,0.5
9,testing,17.3,15.9,0.92
9,testing,31.0,60.7,1.96
9,testing,18.5,23.9,1.3
9,testing,20.6,18.0,0.87
9,testing,21.9,30.7,1.4
9,deployment,29.5,40.7,1.38
9,deployment,11.1,9.9,0.89
9,deployment,22.4,37.1,1.66
9,deployment,10.0,8.6,0.86
10,frontend,11.1,13.7,1.23
10,frontend,35.0,50.6,1.45
10,frontend,30.1,42.2,1.4
10,frontend,32.3,46.2,1.43
10,frontend,31.0,53.3,1.72
10,frontend,30.6,19.9,0.65
10,frontend,15.1,23.3,1.54
10,frontend,10.8,15.6,1.44
10,frontend,18.7,26.5,1.41
10,frontend,32.0,44.9,1.4
10,frontend,23.4,32.3,1.38
10,frontend,19.7,21.5,1.09
10,frontend,21.1,25.9,1.22
10,frontend,31.2,32.9,1.06
10,frontend,32.9,63.5,1.93
10,backend,24.2,24.6,1.02
10,backend,33.5,43.7,1.31
10,backend,29.3,38.2,1.3
10,backend,32.0,51.9,1.62
10,backend,31.1,44.0,1.42
10,backend,19.2,25.9,1.35
10,backend,17.9,23.1,1.29
10,backend,16.4,9.3,0.57
10,backend,19.4,25.0,1.29
10,backend,25.1,23.5,0.94
10,backend,29.2,41.2,1.41
10,backend,20.5,32.3,1.58
10,database,32.9,17.3,0.53
10,database,30.4,45.2,1.49
10,database,33.7,39.2,1.16
10,database,14.0,7.0,0.5
10,database,22.4,21.6,0.96
10,database,29.7,35.4,1.19
10,testing,31.7,30.7,0.97
10,testing,26.6,21.7,0.82
10,testing,19.6,28.6,1.46
10,testing,9.0,12.6,1.4
10,testing,30.0,27.0,0.9
10,testing,22.9,31.1,1.36
10,testing,31.3,47.4,1.52
10,testing,24.8,22.5,0.91
10,deployment,31.4,43.6,1.39
10,deployment,12.8,11.5,0.9
10,deployment,29.4,45.7,1.55
10,deployment,14.4,10.7,0.74
11,frontend,9.1,13.5,1.47
11,frontend,24.5,37.6,1.53
11,frontend,32.9,24.1,0.73
11,frontend,30.1,57.6,1.91
11,frontend,9.7,11.3,1.17
11,frontend,29.0,45.2,1.56
11,frontend,33.0,48.0,1.45
11,frontend,31.8,30.8,0.97
11,frontend,17.0,18.9,1.11
11,frontend,17.1,30.5,1.78
11,frontend,16.5,21.9,1.33
11,frontend,32.2,40.3,1.25
11,frontend,29.5,59.5,2.01
11,frontend,22.9,22.3,0.97
11,frontend,24.1,46.8,1.94
11,backend,34.9,30.2,0.87
11,backend,10.8,8.7,0.8
11,backend,23.7,26.3,1.11
11,backend,23.6,34.1,1.45
11,backend,32.2,49.6,1.54
11,backend,27.7,36.3,1.31
11,backend,15.9,11.8,0.74
11,backend,15.0,22.7,1.51
11,backend,22.2,29.3,1.32
11,backend,32.8,44.5,1.36
11,backend,23.1,17.4,0.75
11,backend,19.6,21.8,1.11
11,database,13.4,8.9,0.67
11,database,10.5,20.2,1.92
11,database,31.0,44.0,1.42
11,database,34.8,53.5,1.54
11,database,21.3,37.1,1.74
11,database,11.4,11.6,1.02
11,testing,32.4,52.3,1.61
11,testing,26.4,37.1,1.41
11,testing,26.9,47.9,1.78
11,testing,21.3,30.2,1.42
11,testing,35.0,45.0,1.29
11,testing,24.2,24.0,0.99
11,testing,25.5,30.8,1.21
11,testing,20.8,13.9,0.67
11,deployment,16.7,21.7,1.3
11,deployment,24.2,27.5,1.14
11,deployment,13.0,23.8,1.83
11,deployment,11.5,15.8,1.38
12,frontend,34.4,29.1,0.85
12,frontend,17.7,23.3,1.31
12,frontend,17.3,18.6,1.07
12,frontend,11.1,16.5,1.49
12,frontend,14.4,22.2,1.54
12,frontend,33.4,16.7,0.5
12,frontend,30.6,47.7,1.56
12,frontend,10.8,13.4,1.24
12,frontend,25.4,39.7,1.56
12,frontend,14.7,25.1,1.71
12,frontend,22.9,33.6,1.46
12,frontend,11.0,9.6,0.87
12,frontend,18.3,15.1,0.83
12,frontend,23.4,37.2,1.59
12,frontend,19.8,23.4,1.18
12,backend,18.3,18.5,1.01
12,backend,16.2,26.5,1.64
12,backend,22.2,38.6,1.74
12,backend,25.6,37.0,1.45
12,backend,17.6,32.8,1.86
12,backend,13.4,19.5,1.45
12,backend,19.4,28.0,1.44
12,backend,11.1,14.0,1.26
12,backend,32.4,44.6,1.38
12,backend,19.9,26.2,1.31
12,backend,11.2,10.8,0.97
12,backend,8.2,6.5,0.79
12,database,26.1,19.3,0.74
12,database,10.1,13.6,1.35
12,database,13.0,18.0,1.38
12,database,32.4,18.5,0.57
12,database,22.3,23.6,1.06
12,database,29.4,42.0,1.43
12,testing,10.8,18.5,1.72
12,testing,18.2,18.1,1.0
12,testing,14.1,18.4,1.3
12,testing,11.1,5.6,0.5
12,testing,18.4,24.0,1.31
12,testing,10.9,16.0,1.47
12,testing,23.9,17.2,0.72
12,testing,34.4,29.5,0.86
12,deployment,15.4,20.9,1.35
12,deployment,29.2,40.3,1.38
12,deployment,10.7,13.7,1.28
12,deployment,32.3,51.6,1.6
13,frontend,26.3,47.0,1.79
13,frontend,31.7,51.5,1.62
13,frontend,19.6,22.0,1.12
13,frontend,19.2,30.6,1.59
13,frontend,8.8,13.7,1.55
13,frontend,24.9,42.2,1.7
13,frontend,24.7,37.9,1.53
13,frontend,10.1,20.9,2.07
13,frontend,13.2,22.0,1.67
13,frontend,9.2,10.6,1.16
13,frontend,10.3,12.8,1.24
13,frontend,33.6,42.2,1.26
13,frontend,16.4,26.8,1.64
13,frontend,17.2,13.0,0.76
13,frontend,25.6,47.2,1.84
13,backend,29.2,51.1,1.75
13,backend,21.2,25.9,1.23
13,backend,23.7,26.7,1.13
13,backend,24.2,33.7,1.39
13,backend,10.0,10.9,1.09
13,backend,8.1,6.7,0.82
13,backend,8.3,8.6,1.03
13,backend,21.7,15.2,0.7
13,backend,28.2,29.2,1.04
13,backend,32.5,42.9,1.32
13,backend,24.6,50.3,2.05
13,backend,29.1,35.0,1.2
13,database,13.8,17.3,1.25
13,database,26.9,25.7,0.95
13,database,25.2,17.6,0.7
13,database,18.0,16.7,0.93
13,database,24.4,31.3,1.28
13,database,24.9,46.3,1.86
13,testing,15.8,9.1,0.58
13,testing,30.0,25.7,0.86
13,testing,28.3,22.0,0.78
13,testing,8.7,11.6,1.34
13,testing,19.0,13.7,0.72
13,testing,11.1,13.6,1.23
13,testing,10.2,11.5,1.13
13,testing,28.8,34.9,1.21
13,deployment,25.8,22.6,0.87
13,deployment,28.3,29.4,1.04
13,deployment,21.8,24.8,1.14
13,deployment,31.0,47.8,1.54
14,frontend,14.6,14.4,0.99
14,frontend,21.0,23.5,1.12
14,frontend,12.0,15.8,1.32
14,frontend,16.5,23.2,1.41
14,frontend,14.2,25.3,1.78
14,frontend,26.7,42.8,1.6
14,frontend,25.4,44.8,1.76
14,frontend,28.1,42.7,1.52
14,frontend,31.3,47.9,1.53
14,frontend,23.5,21.6,0.92
14,frontend,18.0,23.4,1.3
14,frontend,33.1,73.0,2.2
14,frontend,9.4,8.3,0.88
14,frontend,8.8,10.7,1.21
14,frontend,17.9,22.8,1.27
14,backend,15.6,19.3,1.24
14,backend,34.1,50.7,1.49
14,backend,19.3,15.8,0.82
14,backend,8.2,9.8,1.2
14,backend,17.4,16.1,0.92
14,backend,24.2,33.5,1.39
14,backend,32.8,37.3,1.14
14,backend,16.4,19.9,1.22
14,backend,10.4,15.0,1.45
14,backend,23.5,46.4,1.97
14,backend,25.0,24.8,0.99
14,backend,22.9,25.2,1.1
14,database,23.5,20.2,0.86
14,database,18.2,24.2,1.33
14,database,17.5,24.3,1.39
14,database,14.6,23.4,1.6
14,database,17.1,18.8,1.1
14,database,33.6,43.8,1.3
14,testing,27.3,36.1,1.32
14,testing,27.6,26.1,0.95
14,testing,27.4,53.7,1.96
14,testing,29.6,41.9,1.42
14,testing,26.8,27.0,1.01
14,testing,9.1,10.5,1.15
14,testing,26.1,36.0,1.38
14,testing,21.7,31.5,1.45
14,deployment,9.7,17.7,1.82
14,deployment,24.5,19.7,0.81
14,deployment,12.2,16.4,1.34
14,deployment,32.1,47.2,1.47
15,frontend,11.9,16.2,1.36
15,frontend,31.5,52.2,1.66
15,frontend,27.9,20.5,0.73
15,frontend,17.2,25.8,1.51
15,frontend,28.4,31.5,1.11
15,frontend,16.0,27.7,1.74
15,frontend,20.6,29.8,1.45
15,frontend,18.2,26.7,1.47
15,frontend,16.8,14.7,0.88
15,frontend,12.0,8.6,0.72
15,frontend,30.5,32.1,1.05
15,frontend,20.9,18.3,0.87
15,frontend,18.5,20.6,1.11
15,frontend,24.5,27.9,1.14
15,frontend,25.2,21.5,0.85
15,backend,12.7,17.5,1.38
15,backend,14.5,14.0,0.97
15,backend,28.5,34.3,1.2
15,backend,25.0,46.8,1.87
15,backend,25.8,42.0,1.63
15,backend,19.7,26.3,1.33
15,backend,13.4,19.4,1.45
15,backend,12.6,22.6,1.79
15,backend,31.2,20.3,0.65
15,backend,23.3,22.4,0.96
15,backend,24.8,33.0,1.33
15,backend,12.3,20.4,1.66
15,database,30.2,37.9,1.26
15,database,27.4,35.9,1.31
15,database,23.3,24.4,1.05
15,database,31.6,15.8,0.5
15,database,8.7,5.5,0.63
15,database,34.4,48.7,1.42
15,testing,28.3,50.5,1.79
15,testing,27.2,23.2,0.85
15,testing,14.5,16.1,1.11
15,testing,17.5,29.1,1.66
15,testing,9.4,17.1,1.82
15,testing,34.2,17.1,0.5
15,testing,34.2,51.4,1.5
15,testing,11.6,17.9,1.54
15,deployment,30.5,38.6,1.27
15,deployment,18.8,23.7,1.26
15,deployment,14.8,17.4,1.18
15,deployment,25.0,24.8,0.99
16,frontend,11.5,7.6,0.66
16,frontend,28.9,19.5,0.68
16,frontend,14.8,30.1,2.04
16,frontend,14.6,18.5,1.27
16,frontend,32.4,29.2,0.9
16,frontend,11.4,19.3,1.69
16,frontend,10.8,8.1,0.75
16,frontend,20.5,19.4,0.95
16,frontend,27.5,49.3,1.79
16,frontend,23.1,24.5,1.06
16,frontend,13.5,22.8,1.7
16,frontend,9.6,13.1,1.36
16,frontend,15.2,17.3,1.14
16,frontend,20.0,33.1,1.66
16,frontend,9.8,10.5,1.08
16,backend,21.1,20.0,0.95
16,backend,21.4,24.3,1.14
16,backend,20.0,29.4,1.47
16,backend,29.8,44.3,1.49
16,backend,17.1,12.0,0.7
16,backend,29.5,39.8,1.35
16,backend,28.8,30.6,1.06
16,backend,16.4,18.0,1.1
16,backend,15.8,15.4,0.98
16,backend,28.8,34.3,1.19
16,backend,11.8,9.0,0.77
16,backend,34.5,38.8,1.12
16,database,18.9,18.7,0.99
16,database,32.6,54.2,1.66
16,database,27.9,35.7,1.28
16,database,33.3,26.2,0.79
16,database,34.4,53.5,1.56
16,database,18.4,23.9,1.3
16,testing,25.1,38.4,1.53
16,testing,21.7,21.2,0.98
16,testing,10.6,22.1,2.08
16,testing,20.7,22.1,1.07
16,testing,14.4,18.9,1.31
16,testing,18.1,29.8,1.65
16,testing,14.0,21.0,1.49
16,testing,8.4,10.7,1.27
16,deployment,32.4,34.3,1.06
16,deployment,34.7,67.4,1.94
16,deployment,15.8,19.1,1.21
16,deployment,28.9,33.8,1.17
17,frontend,32.9,41.1,1.25
17,frontend,29.8,22.6,0.76
17,frontend,8.8,10.6,1.21
17,frontend,19.9,23.4,1.18
17,frontend,8.2,8.8,1.07
17,frontend,9.4,13.9,1.49
17,frontend,27.6,25.1,0.91
17,frontend,20.3,27.1,1.34
17,frontend,21.1,18.6,0.88
17,frontend,29.1,51.3,1.76
17,frontend,19.5,19.4,1.0
17,frontend,22.1,22.0,1.0
17,frontend,16.4,26.2,1.6
17,frontend,31.4,42.2,1.35
17,frontend,16.6,18.1,1.09
17,backend,17.8,19.6,1.1
17,backend,28.4,37.2,1.31
17,backend,29.1,36.3,1.25
17,backend,30.3,19.5,0.64
17,backend,23.3,37.5,1.61
17,backend,21.7,40.3,1.86
17,backend,19.0,23.6,1.24
17,backend,10.3,12.0,1.16
17,backend,17.4,18.8,1.08
17,backend,33.6,26.5,0.79
17,backend,8.9,14.6,1.64
17,backend,15.4,29.7,1.93
17,database,12.2,11.0,0.91
17,database,15.3,18.9,1.24
17,database,23.0,31.4,1.37
17,database,25.9,36.6,1.41
17,database,33.8,51.1,1.51
17,database,27.8,37.3,1.34
17,testing,13.2,12.8,0.97
17,testing,9.8,10.8,1.1
17,testing,15.5,22.9,1.47
17,testing,34.7,51.1,1.47
17,testing,29.9,29.1,0.97
17,testing,27.0,25.8,0.96
17,testing,23.8,48.5,2.03
17,testing,23.1,15.9,0.69
17,deployment,12.3,19.3,1.57
17,deployment,30.9,44.9,1.45
17,deployment,34.0,33.5,0.99
17,deployment,22.8,23.1,1.01
18,frontend,11.2,17.6,1.57
18,frontend,14.9,16.5,1.11
18,frontend,25.8,31.6,1.23
18,frontend,22.8,25.9,1.14
18,frontend,23.0,29.3,1.28
18,frontend,26.8,28.5,1.06
18,frontend,14.0,18.1,1.3
18,frontend,20.2,23.9,1.18
18,frontend,26.0,38.4,1.48
18,frontend,10.5,14.8,1.42
18,frontend,16.1,14.0,0.87
18,frontend,32.6,50.2,1.54
18,frontend,23.1,31.3,1.36
18,frontend,16.2,27.8,1.72
18,frontend,34.5,36.9,1.07
18,backend,13.4,16.3,1.21
18,backend,26.1,36.9,1.42
18,backend,24.8,29.6,1.19
18,backend,27.3,20.5,0.75
18,backend,26.8,29.8,1.11
18,backend,24.5,26.9,1.1
18,backend,27.9,36.9,1.32
18,backend,34.8,56.7,1.63
18,backend,31.5,53.2,1.69
18,backend,10.1,15.3,1.51
18,backend,15.6,23.0,1.47
18,backend,22.6,26.7,1.18
18,database,28.4,30.2,1.06
18,database,23.7,23.7,1.0
18,database,10.5,19.0,1.81
18,database,18.9,25.2,1.33
18,database,33.2,50.2,1.51
18,database,21.2,28.0,1.33
18,testing,9.3,8.6,0.93
18,testing,9.8,9.9,1.01
18,testing,26.6,41.8,1.57
18,testing,11.4,18.5,1.61
18,testing,9.7,18.7,1.93
18,testing,22.7,22.7,1.0
18,testing,8.3,5.7,0.69
18,testing,23.2,26.6,1.15
18,deployment,9.7,19.0,1.96
18,deployment,14.3,18.7,1.3
18,deployment,29.2,31.9,1.09
18,deployment,25.4,32.8,1.29
19,frontend,24.2,20.2,0.83
19,frontend,22.8,27.7,1.22
19,frontend,11.3,20.1,1.78
19,frontend,29.0,47.5,1.64
19,frontend,29.0,25.2,0.87
19,frontend,22.6,21.8,0.96
19,frontend,19.5,21.8,1.12
19,frontend,29.8,41.0,1.37
19,frontend,15.4,16.6,1.08
19,frontend,31.2,30.4,0.97
19,frontend,20.1,36.0,1.79
19,frontend,26.9,49.1,1.83
19,frontend,15.4,15.3,1.0
19,frontend,27.4,33.6,1.22
19,frontend,23.6,37.7,1.6
19,backend,18.4,16.9,0.92
19,backend,33.8,27.3,0.81
19,backend,23.7,35.1,1.48
19,backend,8.5,11.0,1.29
19,backend,11.7,17.6,1.5
19,backend,20.6,17.7,0.86
19,backend,17.8,25.4,1.43
19,backend,9.8,16.9,1.72
19,backend,10.5,16.5,1.58
19,backend,13.2,18.7,1.42
19,backend,22.5,34.4,1.53
19,backend,17.1,20.9,1.23
19,database,31.8,37.0,1.16
19,database,24.0,28.2,1.17
19,database,31.8,48.3,1.52
19,database,33.4,39.8,1.19
19,database,30.2,56.2,1.86
19,database,21.7,21.2,0.98
19,testing,20.8,22.5,1.08
19,testing,14.7,17.6,1.2
19,testing,29.8,51.8,1.74
19,testing,25.3,33.3,1.32
19,testing,14.4,22.9,1.59
19,testing,15.3,24.7,1.61
19,testing,16.8,10.5,0.62
19,testing,9.4,13.2,1.41
19,deployment,8.2,16.0,1.95
19,deployment,20.0,15.5,0.78
19,deployment,27.2,13.6,0.5
19,deployment,32.8,23.2,0.71
20,frontend,31.3,37.9,1.21
20,frontend,8.9,4.5,0.5
20,frontend,32.3,31.5,0.97
20,frontend,22.2,38.5,1.73
20,frontend,14.2,13.9,0.98
20,frontend,28.7,34.5,1.2
20,frontend,27.8,24.2,0.87
20,frontend,15.4,26.7,1.74
20,frontend,9.3,12.0,1.29
20,frontend,24.5,26.3,1.08
20,frontend,14.2,21.7,1.52
20,frontend,23.7,39.2,1.65
20,frontend,15.9,17.7,1.11
20,frontend,30.7,53.3,1.74
20,frontend,28.9,46.1,1.59
20,backend,16.6,15.9,0.96
20,backend,28.4,37.7,1.33
20,backend,16.5,13.0,0.79
20,backend,23.4,21.2,0.91
20,backend,32.8,33.1,1.01
20,backend,27.4,34.8,1.27
20,backend,23.3,34.0,1.46
20,backend,24.9,27.6,1.11
20,backend,23.7,27.8,1.17
20,backend,19.2,27.9,1.45
20,backend,29.2,36.2,1.24
20,backend,11.3,15.5,1.37
20,database,34.2,32.7,0.96
20,database,8.8,9.1,1.03
20,database,28.9,48.3,1.67
20,database,25.9,22.2,0.86
20,database,16.8,19.3,1.15
20,database,28.3,28.5,1.01
20,testing,27.9,47.4,1.7
20,testing,15.8,21.4,1.35
20,testing,25.3,31.2,1.23
20,testing,18.1,21.0,1.16
20,testing,13.4,13.0,0.97
20,testing,31.7,63.7,2.01
20,testing,34.1,41.8,1.23
20,testing,21.6,10.8,0.5
20,deployment,27.6,32.6,1.18
20,deployment,8.5,12.8,1.5
20,deployment,14.1,13.8,0.98
20,deployment,14.6,35.0,2.4
